first_name,last_name,email,phoneNum,gender
Bill,Sperling,bsperling0@wordpress.org,1935480976,F
Andy,Dincey,adincey1@dropbox.com,7304620760,M
Meridith,Fairhall,mfairhall2@exblog.jp,9242302714,F
Karita,McCrum,kmccrum3@imdb.com,2585891252,F
Dorice,Lorente,dlorente4@unblog.fr,2577420821,F
Barnie,Lowensohn,blowensohn5@google.it,2185274541,M
Gan,MacGee,gmacgee6@godaddy.com,3914817615,M
Yetty,Renac,yrenac7@tuttocitta.it,2486773993,F
Flossie,Marchenko,fmarchenko8@etsy.com,4821374023,F
Abey,Curror,acurror9@webnode.com,2879649466,M
Yehudi,Parvin,yparvina@myspace.com,5311854364,M
Myrle,Hradsky,mhradskyb@moonfruit.com,9128959245,F
Sib,Bagshawe,sbagshawec@mlb.com,5371120740,F
Judon,Rowbottam,jrowbottamd@bbb.org,8129316767,M
Petrina,Demoge,pdemogee@redcross.org,7692690302,F
Garwood,Ansell,gansellf@ocn.ne.jp,6724567783,M
Adan,Dryden,adrydeng@vk.com,2011465060,M
Mattheus,Van Hault,mvanhaulth@indiatimes.com,2561298682,M
Krispin,Parchment,kparchmenti@istockphoto.com,3444685752,M
Melicent,Macauley,mmacauleyj@posterous.com,1634079091,F
Sherye,Adolphine,sadolphinek@google.ca,2288701310,F
Ferrell,Soppit,fsoppitl@statcounter.com,8187023866,M
Raynor,Gebby,rgebbym@psu.edu,4825070488,M
Graham,Manwaring,gmanwaringn@sohu.com,2426256294,M
Welby,Euesden,weuesdeno@columbia.edu,5746636810,M
Ives,Sant,isantp@booking.com,5362788282,M
Isador,Waldie,iwaldieq@histats.com,5571998992,M
Frazer,Waghorne,fwaghorner@ezinearticles.com,4624887943,M
Benedick,Nother,bnothers@go.com,8183641040,M
Manny,Chastelain,mchastelaint@goo.gl,1025978707,M
Suellen,Clemenzi,sclemenziu@nature.com,3839815301,F
Brietta,Bucknell,bbucknellv@forbes.com,5833860278,F
Viv,Samper,vsamperw@51.la,4704283406,F
Miriam,McQuilty,mmcquiltyx@webs.com,7836443389,F
Nicolea,Corgenvin,ncorgenviny@europa.eu,4333117685,F
Trip,Snashall,tsnashallz@jalbum.net,3613984260,M
Nelle,Schankelborg,nschankelborg10@booking.com,7028826062,F
Redford,Haisell,rhaisell11@addtoany.com,4501401984,M
Petr,Mooreed,pmooreed12@51.la,7344122285,M
Gris,Grunder,ggrunder13@pagesperso-orange.fr,1007142170,M
Renell,Spencelayh,rspencelayh14@army.mil,6617874199,F
Bern,Colles,bcolles15@e-recht24.de,9861279846,M
Latrina,Tooting,ltooting16@dmoz.org,9854036851,F
Susette,Stepto,sstepto17@1und1.de,3812074272,F
Obediah,Chedgey,ochedgey18@exblog.jp,1652557579,M
Sinclair,Thackeray,sthackeray19@over-blog.com,4763540993,M
Adriena,Dumphry,adumphry1a@cnn.com,2446213797,F
Iorgos,Saundercock,isaundercock1b@edublogs.org,4674134998,M
Sasha,Gonin,sgonin1c@themeforest.net,9284400189,M
Eduardo,Mandal,emandal1d@shareasale.com,8448140587,M
Leta,Willoughby,lwilloughby1e@acquirethisname.com,1673230766,F
Amara,Cottill,acottill1f@indiatimes.com,2564927295,F
Abagael,Venmore,avenmore1g@wix.com,2094543372,F
Maryanne,Channing,mchanning1h@cnn.com,4237039437,F
Jeanine,Jahns,jjahns1i@people.com.cn,9583048898,F
Deana,Kener,dkener1j@furl.net,5528951061,F
Artemas,Branton,abranton1k@msn.com,6175007311,M
Ester,Egre,eegre1l@indiegogo.com,5688914752,F
Harrison,Grasser,hgrasser1m@vkontakte.ru,4681092506,M
Matias,Allawy,mallawy1n@flickr.com,3458019869,M
Rolando,Willeson,rwilleson1o@mtv.com,2708599336,M
Willey,Sirey,wsirey1p@tinyurl.com,9406388188,M
Harmonia,O'Kenny,hokenny1q@java.com,4335671655,F
Niki,Heckle,nheckle1r@bloomberg.com,4514021531,M
Walliw,Rosedale,wrosedale1s@artisteer.com,7494053020,F
Puff,Harron,pharron1t@ft.com,2348557071,M
Granger,Mundee,gmundee1u@walmart.com,2208251946,M
Rachael,Espasa,respasa1v@tuttocitta.it,4767478533,F
Carney,Helkin,chelkin1w@amazon.de,3171487885,M
Muriel,Silversmidt,msilversmidt1x@wikia.com,3003454979,F
Allyn,Vedstra,avedstra1y@weather.com,4366315449,M
Emile,Maslen,emaslen1z@ibm.com,7266827450,M
Goldia,Craydon,gcraydon20@mayoclinic.com,1983927658,F
Meridith,Hadgraft,mhadgraft21@bbb.org,2572381204,F
Wake,Trencher,wtrencher22@ft.com,3831231509,M
Crosby,Allsupp,callsupp23@freewebs.com,3101270062,M
Helli,Hurdman,hhurdman24@huffingtonpost.com,4774185213,F
Ava,Thaine,athaine25@nba.com,8776979453,F
Amandi,Bater,abater26@vkontakte.ru,4776582915,F
Osgood,Vasquez,ovasquez27@4shared.com,7408061495,M
Victoir,Kohter,vkohter28@yolasite.com,1544903938,M
Bibby,Straun,bstraun29@scientificamerican.com,3146644381,F
Clary,Hallbord,challbord2a@ovh.net,3156228573,F
Mattheus,Proswell,mproswell2b@google.de,3211963772,M
Bobina,Thominga,bthominga2c@yellowbook.com,1626920557,F
Iggy,McCathy,imccathy2d@apple.com,1397609056,M
Hortensia,Kinforth,hkinforth2e@geocities.com,7788032668,F
Vilhelmina,Downes,vdownes2f@google.co.jp,1045635675,F
Demeter,Sabberton,dsabberton2g@xrea.com,5807584779,F
Sigrid,Picton,spicton2h@hao123.com,4646015710,F
Benni,Rogliero,brogliero2i@mediafire.com,9412593634,F
See,Corbridge,scorbridge2j@so-net.ne.jp,6887431846,M
Ragnar,Dunwoody,rdunwoody2k@ebay.com,7843493406,M
Bealle,Bangiard,bbangiard2l@house.gov,3455565937,M
Laurice,Oakman,loakman2m@printfriendly.com,1196452194,F
Eric,Anfonsi,eanfonsi2n@sina.com.cn,5314474463,M
Lucienne,Prentice,lprentice2o@prlog.org,1917971841,F
Danella,Warwicker,dwarwicker2p@reddit.com,3165507518,F
Gavrielle,Yarrell,gyarrell2q@sohu.com,5396340238,F
Vivianne,Hayman,vhayman2r@ibm.com,3978770849,F
Kimball,Deboo,kdeboo2s@nbcnews.com,8888931571,M
Amory,Mostyn,amostyn2t@dmoz.org,4093910052,M
Galvin,Ulyat,gulyat2u@ovh.net,6899954396,M
Agathe,McGaraghan,amcgaraghan2v@mit.edu,7811450873,F
Josiah,Fanti,jfanti2w@rambler.ru,6548548889,M
Jacklyn,Beardow,jbeardow2x@pinterest.com,5579876822,F
Edouard,Duddle,eduddle2y@deliciousdays.com,1353135457,M
Luci,Maudson,lmaudson2z@taobao.com,8718184408,F
Queenie,Swalough,qswalough30@ow.ly,6054844614,F
Correy,Gasson,cgasson31@goodreads.com,8456503037,F
Vite,Pering,vpering32@paginegialle.it,2976653027,M
Falito,DeSousa,fdesousa33@amazon.co.jp,7044678061,M
Cele,Branton,cbranton34@ameblo.jp,4566443814,F
Olenka,Janku,ojanku35@amazon.com,9991114821,F
Tabbitha,Kellert,tkellert36@vinaora.com,8623180475,F
Noby,Cullen,ncullen37@youtu.be,2009519418,M
Rosanna,Thomasson,rthomasson38@lycos.com,3496076037,F
Rene,Killerby,rkillerby39@whitehouse.gov,4986100497,M
Ellene,Clarabut,eclarabut3a@twitter.com,4115433586,F
Yelena,Chaize,ychaize3b@reference.com,6543062674,F
Demetris,Skone,dskone3c@nhs.uk,4711505523,M
Salmon,Romanet,sromanet3d@pagesperso-orange.fr,5927027007,M
Cash,Brekonridge,cbrekonridge3e@photobucket.com,2916106382,M
Brigg,Ramsey,bramsey3f@ebay.co.uk,3962066271,M
Talbot,Cholomin,tcholomin3g@who.int,2364356769,M
Lorrayne,Carde,lcarde3h@statcounter.com,1909860749,F
Carter,Itzakson,citzakson3i@deviantart.com,5258158216,M
Jethro,Rowlson,jrowlson3j@edublogs.org,9259207997,M
August,Roles,aroles3k@google.ca,3077695762,M
Alfred,MacGeffen,amacgeffen3l@eventbrite.com,1852525105,M
Fran,Malham,fmalham3m@miibeian.gov.cn,5975821629,M
Stanly,Cannon,scannon3n@booking.com,2914110883,M
Britte,Cleaves,bcleaves3o@pen.io,3752586144,F
Wendall,Aves,waves3p@storify.com,9339003454,M
Stepha,Hurdman,shurdman3q@un.org,3605512647,F
Wendel,Mews,wmews3r@myspace.com,2384416972,M
Salomon,MacGlory,smacglory3s@stumbleupon.com,5015916112,M
Nert,Pellman,npellman3t@domainmarket.com,5671339966,F
Miner,Ballach,mballach3u@nyu.edu,3365771662,M
Lucas,Vequaud,lvequaud3v@pcworld.com,3586398472,M
Jonis,Gossington,jgossington3w@xinhuanet.com,4453303848,F
Lane,Antoshin,lantoshin3x@irs.gov,3744236123,M
Boone,Dunleavy,bdunleavy3y@abc.net.au,7998019753,M
Claudell,Wetherell,cwetherell3z@ca.gov,7607451111,M
Orion,Lindner,olindner40@unicef.org,5263639173,M
Jessalin,Mulchrone,jmulchrone41@jimdo.com,6243930777,F
Sawyere,Normanville,snormanville42@1688.com,3607273210,M
Jordon,Creaser,jcreaser43@jalbum.net,3336200921,M
Adrian,Winchurst,awinchurst44@cisco.com,4786136458,M
Blaine,Probbin,bprobbin45@archive.org,6138011767,M
Reginald,Ladley,rladley46@360.cn,2296877750,M
Cassey,Fripp,cfripp47@bluehost.com,4929539650,F
Shelagh,Creber,screber48@csmonitor.com,4485372924,F
Karel,Blanchette,kblanchette49@miitbeian.gov.cn,1787903532,M
Paige,Bennie,pbennie4a@sun.com,7405343837,M
Corie,Walwood,cwalwood4b@google.cn,4536373239,F
Connie,Shearstone,cshearstone4c@oaic.gov.au,9144227190,M
Hayward,Danilchev,hdanilchev4d@dailymotion.com,7023037434,M
Karmen,Mogenot,kmogenot4e@cafepress.com,1532470570,F
Pauli,Pilmer,ppilmer4f@icio.us,8457848177,F
Dylan,Stockoe,dstockoe4g@tinyurl.com,3131558572,M
Nye,Faunt,nfaunt4h@forbes.com,8966090178,M
Michaeline,Cloutt,mcloutt4i@wikia.com,5445997196,F
Meir,Brumbie,mbrumbie4j@parallels.com,5851265484,M
Fawne,Pickerin,fpickerin4k@istockphoto.com,2638993767,F
Chuck,Chave,cchave4l@de.vu,9085205037,M
Edd,Chataignier,echataignier4m@comsenz.com,3697019199,M
Shirleen,Suttell,ssuttell4n@homestead.com,8376491793,F
Goldie,Pagitt,gpagitt4o@jimdo.com,5381715556,F
Paulina,Freiberg,pfreiberg4p@hao123.com,8682944234,F
Sisile,Stanesby,sstanesby4q@merriam-webster.com,3943973917,F
Verney,Gobel,vgobel4r@cdc.gov,4548126500,M
Revkah,Meier,rmeier4s@unesco.org,4484971836,F
Chico,Cadogan,ccadogan4t@smugmug.com,4891662198,M
Clio,Grandin,cgrandin4u@virginia.edu,4739423685,F
Moria,Brumbye,mbrumbye4v@yahoo.com,7877540085,F
Barnabas,Lytell,blytell4w@census.gov,4248605304,M
Jobey,Bandy,jbandy4x@buzzfeed.com,5777304935,F
Ella,Janata,ejanata4y@usnews.com,5283047884,F
Kathleen,Slewcock,kslewcock4z@samsung.com,8867372625,F
Derwin,Sedge,dsedge50@jugem.jp,2362709130,M
Timotheus,Clarkin,tclarkin51@china.com.cn,4343538428,M
Margeaux,Gaspero,mgaspero52@si.edu,1842045583,F
Rebbecca,Mead,rmead53@people.com.cn,3297750207,F
Susan,Tolwood,stolwood54@foxnews.com,3384261767,F
Devinne,Kimmings,dkimmings55@is.gd,9396546336,F
Granny,Elphinstone,gelphinstone56@edublogs.org,2677994691,M
Huntley,Benzies,hbenzies57@unblog.fr,4629010866,M
Dag,Mellem,dmellem58@a8.net,3718606898,M
Willi,Elsley,welsley59@howstuffworks.com,7992343537,F
Bryana,Marquese,bmarquese5a@stanford.edu,8084169687,F
Muriel,Davisson,mdavisson5b@bbc.co.uk,3122832885,F
Eddi,Threadgill,ethreadgill5c@com.com,6305497949,F
Caleb,Dunguy,cdunguy5d@myspace.com,4589786012,M
Minni,Tolan,mtolan5e@globo.com,3675583016,F
Giacobo,Simnett,gsimnett5f@chicagotribune.com,5917652287,M
Dare,Junifer,djunifer5g@intel.com,1703365176,M
Court,Oxtaby,coxtaby5h@eventbrite.com,6046903654,M
Brier,Handrek,bhandrek5i@hibu.com,1414415089,F
Evania,Hearons,ehearons5j@freewebs.com,3702065580,F
Baxter,Holgan,bholgan5k@google.ru,6697115975,M
Caresa,Cownden,ccownden5l@reference.com,5054567387,F
Nonnah,Dodle,ndodle5m@elegantthemes.com,7841290721,F
Rufus,Seydlitz,rseydlitz5n@sina.com.cn,2091099730,M
Hewie,Reaney,hreaney5o@blog.com,2995056291,M
Bendick,Wetherhead,bwetherhead5p@illinois.edu,1636580481,M
Liesa,Jeannon,ljeannon5q@unc.edu,1947453551,F
Georgia,Higginbottam,ghigginbottam5r@pinterest.com,7174582159,F
Tonye,De Moreno,tdemoreno5s@opensource.org,9553122927,F
Lane,Iceton,liceton5t@va.gov,8869895570,F
Bren,Blackburn,bblackburn5u@miitbeian.gov.cn,6154669332,M
Loren,Glading,lglading5v@soundcloud.com,8065409453,M
Elita,Kubalek,ekubalek5w@xing.com,5733891113,F
Colly,How,chow5x@oaic.gov.au,7104488873,F
Gizela,Reucastle,greucastle5y@wikipedia.org,1713367329,F
Addison,Conibeer,aconibeer5z@arstechnica.com,1241191753,M
Lorrie,Derye-Barrett,lderyebarrett60@nydailynews.com,3588546561,F
Lorena,Bare,lbare61@hostgator.com,4954501301,F
Loydie,Grimm,lgrimm62@patch.com,7005809348,M
Augusto,Taylor,ataylor63@nbcnews.com,4542354689,M
Deeanne,Buxsey,dbuxsey64@creativecommons.org,9538964323,F
Alfredo,Cockett,acockett65@liveinternet.ru,2805143294,M
Melania,Wroe,mwroe66@mysql.com,6404515407,F
Kalil,Orpen,korpen67@clickbank.net,9605645947,M
Kaleb,Greetham,kgreetham68@diigo.com,6255188763,M
Charmaine,Kilborn,ckilborn69@independent.co.uk,2617630474,F
Ludwig,Osmond,losmond6a@google.fr,5681903217,M
Nappie,Allsobrook,nallsobrook6b@cnbc.com,8433986493,M
Simmonds,Boshell,sboshell6c@intel.com,5673156100,M
Vick,Lorey,vlorey6d@epa.gov,6099570282,M
Gare,Keach,gkeach6e@friendfeed.com,1722484005,M
Bennie,Ferier,bferier6f@arstechnica.com,6652639195,M
Kylie,Kilminster,kkilminster6g@opensource.org,1075747981,F
Malissia,Bercher,mbercher6h@imdb.com,5187222583,F
Nettie,Denington,ndenington6i@reddit.com,6832548796,F
Alane,Thirwell,athirwell6j@vistaprint.com,6172515578,F
Vida,Hindes,vhindes6k@arstechnica.com,6125186854,F
Britt,Harrowell,bharrowell6l@symantec.com,5029262570,M
Ashely,Cromar,acromar6m@foxnews.com,5316983270,F
Dasi,Courteney,dcourteney6n@cyberchimps.com,9379735780,F
Peirce,Marsden,pmarsden6o@indiegogo.com,6776363297,M
Broderick,St Ange,bstange6p@skyrock.com,5417887075,M
Dud,Jolly,djolly6q@rambler.ru,5421069677,M
Izzy,Worsalls,iworsalls6r@phoca.cz,3438324895,M
Worden,Tatnell,wtatnell6s@sakura.ne.jp,6709934904,M
Lowe,Vose,lvose6t@elegantthemes.com,6783300129,M
Bartolemo,Gerrad,bgerrad6u@reverbnation.com,8835931600,M
Ransell,Reck,rreck6v@archive.org,5013806245,M
Denney,Coleiro,dcoleiro6w@parallels.com,9317047132,M
Baudoin,Cassimer,bcassimer6x@multiply.com,4277857475,M
