first_name,last_name,contactNum,specialization
Lotta,Bargh,8727799769,Relationship Issues
Anatola,Bumpus,1892191850,Anxiety
Alma,Screen,6989823360,Depression
Frayda,Sherrington,4037355479,Anxiety
Noam,O' Reagan,9042547109,Anxiety
Jillayne,Galiford,4495530893,Substance Abuse
Toni,Dow,4135792752,Anxiety
Bartholemy,Ellingford,4833541726,Depression
Paige,Gouldthorp,2617982509,Anxiety
Phyllis,Awdry,8026066005,Depression
Fairfax,Ridding,3385085778,Relationship Issues
Boigie,Flooks,1252688555,Relationship Issues
Esma,Paszek,9248261762,Depression
Brenden,Gianolo,8257796883,Relationship Issues
Malvin,Cameli,6083881009,Depression
Gil,Mathelin,9541340885,Substance Abuse
Heindrick,Chittenden,5293860499,Depression
Alyss,Vila,7151502605,PTSD
Carr,Dowyer,6682899175,Depression
Agnes,Rayman,9197103909,Anxiety
Mel,Mardee,3742031968,Substance Abuse
Guillemette,MacCart,4864574754,Substance Abuse
Leo,Capey,2082420478,Depression
Peg,Lewsam,3537749255,Depression
Ninetta,Jacob,6706297823,Substance Abuse
Gustave,Dolan,1451337986,PTSD
Tallie,Mingard,5027971968,Relationship Issues
Demott,Mardling,9238249887,Anxiety
Nonah,Thirlwall,6942201160,Anxiety
Torie,Annell,2395123530,Anxiety
Jacquenette,Jorio,6366063960,PTSD
Orran,Tunesi,1421358029,Relationship Issues
Caro,Cordoba,2545313382,Anxiety
Madlen,Tremain,6605508244,PTSD
Flo,Datte,5692010697,Anxiety
Penelope,Abrahamsen,8991837705,Depression
Bertina,Mapis,6711323825,Substance Abuse
Elbertina,Dominique,2801319991,Substance Abuse
Miltie,Gansbuhler,4049085958,PTSD
Gretna,Goodee,6717780507,Anxiety
Julietta,Skuce,5193348614,Relationship Issues
Rubia,Minchella,1982896449,Relationship Issues
Tobye,Hullin,5807065027,Depression
Laurie,Timmins,2834780983,Relationship Issues
Nani,Corns,3275949138,Anxiety
Iolanthe,Harnell,2027826215,Depression
Linnet,Money,1249924109,Substance Abuse
Blondelle,Atto,2371159032,Depression
Pall,Cammis,2829436183,Substance Abuse
Vasili,Matthius,2495404104,Substance Abuse
Renard,Keysall,3645417222,Depression
Tawsha,Dobbins,8213805410,Substance Abuse
Debby,Rearden,1963301765,Substance Abuse
Kyrstin,Fishley,1882370193,Relationship Issues
Charla,McCready,5766407631,Depression
Ansel,Caesman,2995119055,Substance Abuse
Silas,Macguire,6178220448,PTSD
Teodora,Coolbear,5632570409,Substance Abuse
Van,Camsey,8674978692,PTSD
Christiano,Coward,1518805951,Substance Abuse
Josefa,Meert,1333720614,Relationship Issues
Karalynn,Gillingwater,2815891050,Depression
Ronalda,Bartles,6953808920,Anxiety
Jonie,Azemar,4711304648,Depression
Tommy,Mauvin,7432364961,Relationship Issues
Jobey,Ubee,7483742580,Substance Abuse
Delmore,Bearham,2216655842,Anxiety
Othella,Gutch,4028769340,Relationship Issues
Lucias,Steffans,6437453970,Depression
Vonni,Kubik,9475371195,Depression
Isador,McKendry,4551995260,Substance Abuse
Ezekiel,Diego,9785713693,PTSD
Aurelia,Minget,1349365898,Depression
Ashleigh,Seekings,5493160495,Relationship Issues
Horst,McKee,2653267502,Relationship Issues
Neale,O'Scollee,9724678484,PTSD
Britte,Druce,9338842035,Substance Abuse
Ronny,Kenner,2158785352,Relationship Issues
Eddy,O'Skehan,3955117992,Anxiety
Osbourn,Canon,3131239314,PTSD
Chiquia,Anten,1691163161,Anxiety
Clayton,Fulle,7366588268,Anxiety
Jaime,Brannan,1159862738,Depression
Ulrick,Loachhead,1853271937,Relationship Issues
Hendrika,Swayton,9359059947,Anxiety
Jerrie,Bruck,4831688074,PTSD
Pammi,Magenny,8955478460,PTSD
Mirabella,Scipsey,3148202917,Substance Abuse
Jacenta,Iggulden,3962565253,Relationship Issues
Tuesday,Alfonso,6636963069,Substance Abuse
Avrit,Wolfenden,2399178225,Depression
Francisco,Wynne,6392690884,Relationship Issues
Abel,De Maria,5219282684,Depression
Rolfe,Strathman,8552638485,Substance Abuse
Maggie,Jochen,9878376225,Substance Abuse
Rhona,Shelf,5912820483,Anxiety
Craggy,Dictus,5526822718,PTSD
Luciano,Jarlmann,1672792880,Substance Abuse
Deeann,MacNeill,9494828544,Anxiety
Shem,Prince,4341134029,Relationship Issues
Bell,Showalter,6781787520,Relationship Issues
Jordana,Grumell,9196780768,Anxiety
Nike,Hugill,9647379082,Substance Abuse
Jewel,Gossage,6504452300,Relationship Issues
Yardley,Cow,4219245652,Substance Abuse
Hilde,Bilson,3195326256,PTSD
Gabie,Doutch,5806862304,PTSD
Celina,Dosdell,4221215661,Relationship Issues
Izzy,Mitchiner,9989910790,Substance Abuse
Ermin,Jarrell,1335796641,Depression
Ianthe,Wain,8111665330,Depression
Jakie,Abys,1201075754,Relationship Issues
Marwin,Hailes,2087021315,Substance Abuse
Christoph,Kilrow,5656526775,Relationship Issues
Federico,MacNeilley,8936185557,Depression
Corella,Brideoke,6785524303,Anxiety
Andee,Darrach,7728299348,Relationship Issues
Osbourn,Penwright,6411422769,PTSD
Billi,Gianasi,7755199472,PTSD
Amalia,Paggitt,2943700040,Depression
Cordie,Paulich,2206406245,Relationship Issues
Alexia,Castilla,5527898116,Substance Abuse
Jeremias,Try,9637124213,Depression
Steffen,Storer,3885125664,Depression
Harri,Hardware,3825273570,Depression
Petronilla,Wallen,4799666000,Depression
Neel,Mahmood,8044229219,Substance Abuse
Zelig,Spriddle,3157148830,Depression
Claiborn,Crose,9983839853,Depression
Sidonnie,Duffer,3449489761,Depression
Sarina,Kob,7952864581,Depression
Ofilia,Malkin,8465785627,Substance Abuse
Giffie,Lamperti,8044553328,Relationship Issues
Trudy,Warlton,1194338635,Substance Abuse
Felice,Aindriu,2229112963,Substance Abuse
Kimball,Custy,5581011436,Depression
Bernelle,Garment,2615508475,Depression
Novelia,Reay,9178914017,PTSD
Theobald,Shotboulte,8559540844,Anxiety
Dewie,Winsper,4839544462,Depression
Paul,Mannooch,1579655856,Anxiety
Elysia,Maddrell,2164733553,Anxiety
Jonie,Jowling,6344906495,Substance Abuse
Cobb,Blincowe,6711459158,Substance Abuse
Drucy,Takle,4227068335,Anxiety
Mozelle,Sawell,1638387248,PTSD
Law,Yendle,1704923579,Depression
Karlee,Milazzo,8864010198,Relationship Issues
Erica,Mohun,5672822716,Anxiety
Leon,Scadden,4693809839,Relationship Issues
Bronson,Moretto,5388798671,PTSD
Manfred,Greenall,1707685949,PTSD
Freeland,Udden,8571466183,PTSD
Brandie,Gerasch,7493107602,PTSD
Karrie,Hagart,7921861661,Depression
Verina,Wallwood,3894257727,Anxiety
Starla,McNelly,2836382328,Substance Abuse
Luciano,McDonagh,7814116955,Anxiety
Fred,Feighney,1821120478,Relationship Issues
Fae,Berr,4648387350,PTSD
Ortensia,Le Marquand,2909405702,Depression
Kerk,De Gregoli,6534345435,Relationship Issues
Jacquenetta,Brixey,9578851829,Relationship Issues
Rand,Pandie,8389638984,Depression
Archibold,Kolakowski,3383832904,Depression
Kimberlyn,Nawton,8274083070,Depression
Hymie,Bedberry,2265025311,Relationship Issues
Georas,Doel,3696654001,PTSD
Tova,Wildman,7801493510,Substance Abuse
Ansel,Oliphand,6195107952,PTSD
Steffi,Leggon,4952539551,Depression
Athene,Rayer,3019710762,Anxiety
Cami,Pulham,8822254310,PTSD
Sibeal,Trevon,5857113671,PTSD
Edgar,Pedri,3379802150,Anxiety
Cordie,Vockins,6697574071,PTSD
Raoul,Brownsey,5197064415,Relationship Issues
Pieter,Janous,6038625101,Depression
Zelda,Marl,6269890565,Relationship Issues
Zaccaria,Elsegood,8801194274,Depression
Darelle,Phidgin,9718141578,Relationship Issues
Corinna,Niland,3566028856,Depression
Kaile,Cohane,7006051678,Relationship Issues
Alf,Durrett,1877461169,Relationship Issues
Jami,Vivians,1634164721,Substance Abuse
Quintina,Eva,6677804465,PTSD
Keith,Veryan,6306630192,Substance Abuse
Pam,Sandercock,5653517234,Substance Abuse
Sergio,Winspar,6171503281,Relationship Issues
Artemas,Reeson,9867529610,Relationship Issues
Fan,Merriman,4273619290,Anxiety
Sibeal,Litel,2088263547,Substance Abuse
Georgeanne,De Beauchamp,7077234854,Substance Abuse
Glenda,Odams,8126382102,Substance Abuse
Adham,Iacopini,8983488099,Depression
Loy,Hacquard,5966332958,Relationship Issues
Aryn,Reeken,9899439994,Depression
Steward,Ellacott,2964472038,PTSD
Ruben,Cowlam,3296769094,PTSD
Gilda,Tuley,3283049496,PTSD
Aigneis,McKenney,6575156546,Substance Abuse
Lizzy,Mablestone,9565939263,Relationship Issues
Krishna,Colpus,4423989276,Depression
Obidiah,Robbs,2848172214,Depression
Bil,Authers,3321327703,Substance Abuse
Elva,Coatman,3505729291,Substance Abuse
Ezequiel,Balaison,7055315183,PTSD
Gerek,Jorcke,9895073641,PTSD
Micaela,Clover,3151904568,Anxiety
Benedikta,Fetherby,1485520248,Substance Abuse
Rycca,Collumbell,3495056949,Substance Abuse
Chan,Draaisma,1836389891,PTSD
John,Haymes,8008548831,Anxiety
Alejandra,Duchart,3957593595,Anxiety
Tore,Mincini,5414923707,Relationship Issues
Rachael,Nelius,1017046024,Depression
Brook,Bew,6966849531,PTSD
Arabel,Janowski,9358747146,Anxiety
Libbie,Danieli,3171519481,Anxiety
Martina,Papes,8712780972,PTSD
Woodman,Bowhay,2484197927,Anxiety
Kerry,Rowley,1225552548,PTSD
Garvy,Pitkin,6383636285,Substance Abuse
Nessi,Arrington,1961368057,Anxiety
Athene,Follet,3388833541,Substance Abuse
Nina,Stanford,2289725277,PTSD
Lida,Sperwell,1866748180,Relationship Issues
Brennen,Downs,2681953465,PTSD
Brockie,Ritchman,7887992860,Relationship Issues
Raphaela,Leas,1518001995,PTSD
Janessa,Pressnell,2101807598,Anxiety
Juliette,Gammon,7306864300,Depression
Cleopatra,Sailor,4244187872,Substance Abuse
Guthry,Issacof,5309193725,Relationship Issues
Mitchell,Thompson,4674872222,Depression
Corinne,Doniso,8722203870,Substance Abuse
Dick,Tookey,5411421809,Substance Abuse
Gregory,Beseke,9873363259,PTSD
Aguie,Jellard,6359564206,Anxiety
Allyce,Giacomelli,9408831306,Substance Abuse
Tasha,Nottingam,2608954280,Relationship Issues
Glennie,Normandale,2072112766,Depression
Arline,Heinz,3936889848,Depression
Elana,Beran,6177642229,PTSD
Stephani,Samet,8992038692,Anxiety
Vivienne,Kubu,4991521574,Relationship Issues
Elbert,Casotti,7697454269,PTSD
Graeme,Mundle,3149097386,Depression
Melitta,Sprott,8645722819,Substance Abuse
Eve,Bridges,7441854314,PTSD
